Primer pair #,Forward primer Sequence (5'->3'),Forward primer Template strand,Forward primer Length,Forward primer Start,Forward primer Stop,Forward primer Tm,Forward primer GC%,Forward primer Self complementarity,Forward primer Self 3' complementarity,Reverse primer Sequence (5'->3'),Reverse primer Template strand,Reverse primer Length,Reverse primer Start,Reverse primer Stop,Reverse primer Tm,Reverse primer GC%,Reverse primer Self complementarity,Reverse primer Self 3' complementarity,Product length,
1,TTTTAAACGGCCGCGTTAGC,Plus,20,35,54,60.11,50.00,6.00,2.00,TTGTTCCGAGATTGCCCCAA,Minus,20,279,260,59.89,50.00,3.00,3.00,245,
2,GAGGCCAGTGAATGGCAAGA,Plus,20,96,115,60.32,55.00,7.00,0.00,CAACATCGAGGTCGCAAACC,Minus,20,409,390,59.83,55.00,6.00,2.00,314,
3,AGCGTGCTAAGGTAGCGTAA,Plus,20,58,77,59.19,50.00,5.00,2.00,CCAACATCGAGGTCGCAAAC,Minus,20,410,391,59.83,55.00,6.00,2.00,353,
4,TTGGGGCAATCTCGGAACAA,Plus,20,260,279,59.89,50.00,3.00,0.00,TGCACTGATGTGGATGTCCT,Minus,20,434,415,59.01,50.00,4.00,2.00,175,
5,TGAGCGTGCTAAGGTAGCG,Plus,19,56,74,59.86,57.89,5.00,3.00,TTATGGGCAGCTAAGGCTGG,Minus,20,237,218,59.82,55.00,5.00,3.00,182,
6,GAGCGTGCTAAGGTAGCGT,Plus,19,57,75,59.86,57.89,5.00,2.00,CGGGGTCTTTTCGTCTTCCT,Minus,20,201,182,59.68,55.00,2.00,0.00,145,
7,CCAGCCTTAGCTGCCCATAA,Plus,20,218,237,59.82,55.00,5.00,2.00,TGCACTGATGTGGATGTCCTT,Minus,21,434,414,59.65,47.62,4.00,0.00,217,
8,GTGAGCGTGCTAAGGTAGCG,Plus,20,55,74,61.14,60.00,5.00,3.00,CGGTTGCACTGATGTGGATG,Minus,20,438,419,59.55,55.00,4.00,0.00,384,
9,GCGTGAGCGTGCTAAGGTAG,Plus,20,53,72,61.14,60.00,4.00,3.00,CGCAAACCCAGCTTTCGATG,Minus,20,397,378,60.45,55.00,4.00,1.00,345,
10,AGGAAGACGAAAAGACCCCG,Plus,20,182,201,59.68,55.00,2.00,2.00,TTGCACTGATGTGGATGTCCT,Minus,21,435,415,59.65,47.62,4.00,2.00,254,

